config,experiment,exp_num,task,num_classes,best_val_loss,best_val_acc,best_rel_val_loss,epochs_run,arch_style,embedding_type,embedding_size,pooling,optimizer,learning_rate,batch_size,codon_id,nmd_pattern,hl_res_count
test1,test,-1,6-class,6,0.34481343626976013,0.885288417339325,0.06210976094007492,33,block_sizes,translated,16,max,adam,0.0001,64,codon_id,legacy,
test10,test,-1,6-class,6,0.32776501774787903,0.8921213746070862,0.09190692752599716,25,block_sizes,translated,32,max,adam,0.0001,64,codon_id,legacy,
test11,test,-1,6-class,6,0.3345339000225067,0.88948655128479,0.09998875111341476,36,block_sizes,translated,64,max,adam,0.0001,64,codon_id,legacy,
test12,test,-1,6-class,6,0.34397026896476746,0.890845775604248,0.08224917203187943,27,block_sizes,translated,16,max,adam,0.0001,64,codon_id,legacy,
test13,test,-1,6-class,6,0.3387850821018219,0.8924413919448853,0.09893638640642166,26,block_sizes,translated,64,max,adam,0.0001,64,codon_id,legacy,
test14,test,-1,6-class,6,0.4165789484977722,0.8691486716270447,0.0858304426074028,17,block_sizes,translated,64,max,adam,0.0001,64,codon_id,legacy,
test15,test,-1,6-class,6,0.34035223722457886,0.898436963558197,0.07395928353071213,36,block_sizes,translated,64,max,adam,0.0001,64,codon_id,legacy,
test16,test,-1,6-class,6,0.36632969975471497,0.8811148405075073,0.08819902688264847,34,block_sizes,translated,64,max,adam,0.0001,64,codon_id,legacy,
test17,test,-1,6-class,6,0.44518816471099854,0.8570691347122192,0.08359572291374207,79,block_sizes,translated,64,max,adam,0.0001,64,aa_id,legacy,
test2,test,-1,6-class,6,0.3369465172290802,0.8856775760650635,0.07254235446453094,32,block_sizes,translated,16,max,adam,0.0001,64,codon_id,legacy,
test22_10,fold10,-1,6-class,6,0.3507031202316284,0.876538872718811,,29,block_sizes,translated,192,max,adam,0.0001,64,codon_id,legacy,
test22_1,fold1,-1,6-class,6,0.35371342301368713,0.8759245276451111,0.1396472156047821,29,block_sizes,translated,192,max,adam,0.0001,64,codon_id,legacy,
test22_2,fold2,-1,6-class,6,0.3531826436519623,0.8767195343971252,,30,block_sizes,translated,192,max,adam,0.0001,64,codon_id,legacy,
test22_5,fold5,-1,6-class,6,0.3581426441669464,0.8744067549705505,0.13989414274692535,29,block_sizes,translated,192,max,adam,0.0001,64,codon_id,legacy,
test22_4,fold4,-1,6-class,6,0.353890985250473,0.8765488862991333,0.14018940925598145,31,block_sizes,translated,192,max,adam,0.0001,64,codon_id,legacy,
test22_3,fold3,-1,6-class,6,0.3621249496936798,0.8725436329841614,0.13727162778377533,27,block_sizes,translated,192,max,adam,0.0001,64,codon_id,legacy,
test23_10,fold10,-1,6-class,6,0.3507031202316284,0.876538872718811,,29,block_sizes,translated,192,max,adam,0.0001,64,codon_id,legacy,
test23_1_nuc,fold1_nuc,-1,6-class,6,0.38398870825767517,0.8756875991821289,,37,block_sizes,nucleotide,192,max,adam,0.0001,64,codon_id,legacy,
test23_2,fold2,-1,6-class,6,0.3531826436519623,0.8767195343971252,,30,block_sizes,translated,192,max,adam,0.0001,64,codon_id,legacy,
test22_6,fold6,-1,6-class,6,0.35595062375068665,0.8754948973655701,,28,block_sizes,translated,192,max,adam,0.0001,64,codon_id,legacy,
test22_7,fold7,-1,6-class,6,0.3547341525554657,0.8757699131965637,,30,block_sizes,translated,192,max,adam,0.0001,64,codon_id,legacy,
test22_8,fold8,-1,6-class,6,0.3532540798187256,0.8768661022186279,,33,block_sizes,translated,192,max,adam,0.0001,64,codon_id,legacy,
test22_9,fold9,-1,6-class,6,0.3534735441207886,0.8763059973716736,0.15295040607452393,27,block_sizes,translated,192,max,adam,0.0001,64,codon_id,legacy,
test23_1,fold1,-1,6-class,6,0.3839496076107025,0.8780928254127502,,51,block_sizes,translated,192,max,adam,0.0001,64,codon_id,legacy,
test23_4,fold4,-1,6-class,6,0.353890985250473,0.8765488862991333,0.14018940925598145,31,block_sizes,translated,192,max,adam,0.0001,64,codon_id,legacy,
test23_5,fold5,-1,6-class,6,0.3581426441669464,0.8744067549705505,0.13989414274692535,29,block_sizes,translated,192,max,adam,0.0001,64,codon_id,legacy,
test23_6,fold6,-1,6-class,6,0.35595062375068665,0.8754948973655701,,28,block_sizes,translated,192,max,adam,0.0001,64,codon_id,legacy,
test23_3,fold3,-1,6-class,6,0.3621249496936798,0.8725436329841614,0.13727162778377533,27,block_sizes,translated,192,max,adam,0.0001,64,codon_id,legacy,
test23_7,fold7,-1,6-class,6,0.3547341525554657,0.8757699131965637,,30,block_sizes,translated,192,max,adam,0.0001,64,codon_id,legacy,
test3,test,-1,6-class,6,0.35155418515205383,0.8828710317611694,0.08975011110305786,32,block_sizes,translated,16,max,adam,0.0001,64,codon_id,legacy,
test23_9,fold9,-1,6-class,6,0.3534735441207886,0.8763059973716736,0.15295040607452393,27,block_sizes,translated,192,max,adam,0.0001,64,codon_id,legacy,
test23_8,fold8,-1,6-class,6,0.3532540798187256,0.8768661022186279,,33,block_sizes,translated,192,max,adam,0.0001,64,codon_id,legacy,
test7,test,-1,6-class,6,0.3159273862838745,0.8936589956283569,0.06313858926296234,31,block_sizes,translated,64,max,adam,0.0001,64,codon_id,legacy,
test6,test,-1,6-class,6,0.313405305147171,0.8939589858055115,0.0631662905216217,28,block_sizes,translated,64,max,adam,0.0001,64,codon_id,legacy,
test8,test,-1,6-class,6,0.32703202962875366,0.8901789784431458,0.07346823811531067,24,block_sizes,translated,64,max,adam,0.0001,64,codon_id,legacy,
test9,test,-1,6-class,6,0.32330307364463806,0.8904577493667603,0.07265162467956543,25,block_sizes,translated,32,max,adam,0.0001,64,codon_id,legacy,
test5,test,-1,6-class,6,0.4035021960735321,0.8667075037956238,,28,block_sizes,translated,32,max,adam,0.0001,64,aa_id,legacy,
test4,test,-1,6-class,6,0.349810391664505,0.8843964338302612,,30,block_sizes,translated,16,max,adam,0.0001,64,codon_id,legacy,
test20,test_20,20,6-class,6,0.34785816073417664,0.9017670154571533,0.2528206408023834,24,block_sizes,translated,64,max,sgd,0.001,128,codon_id,legacy,
test21,test_21,21,6-class,6,0.3312840759754181,0.9066014885902405,0.22415906190872192,34,block_sizes,translated,128,max,sgd,0.001,128,codon_id,legacy,
test22,test_22,22,6-class,6,0.3326186239719391,0.9032153487205505,0.27409228682518005,8,block_sizes,translated,192,max,sgd,0.001,512,codon_id,legacy,
test24_7,24_7_fold,24,6-class,6,1.2466155290603638,,0.1055833175778389,5,block_sizes,translated,128,max,adam,0.0001,128,codon_id,legacy,
test24_6,24_6_fold,24,6-class,6,1.1659780740737915,,0.10248230397701263,5,block_sizes,translated,128,max,adam,0.0001,128,codon_id,legacy,
test24_0,24_0_fold,24,6-class,6,1.1855003833770752,,0.09859532862901688,5,block_sizes,translated,128,max,adam,0.0001,128,codon_id,legacy,
test24_2,24_2_fold,24,6-class,6,1.170792579650879,,0.10502590984106064,5,block_sizes,translated,128,max,adam,0.0001,128,codon_id,legacy,
test24_3,24_3_fold,24,6-class,6,1.1624113321304321,,0.1008022204041481,5,block_sizes,translated,128,max,adam,0.0001,128,codon_id,legacy,
test24_4,24_4_fold,24,6-class,6,1.092893362045288,,,5,block_sizes,translated,128,max,adam,0.0001,128,codon_id,legacy,
test24_1,24_1_fold,24,6-class,6,1.1478514671325684,,0.10084763169288635,5,block_sizes,translated,128,max,adam,0.0001,128,codon_id,legacy,
test24_5,24_5_fold,24,6-class,6,1.1428399085998535,,,5,block_sizes,translated,128,max,adam,0.0001,128,codon_id,legacy,
test24_9,24_9_fold,24,6-class,6,1.2119488716125488,,0.1027737483382225,5,block_sizes,translated,128,max,adam,0.0001,128,codon_id,legacy,
test24_8,24_8_fold,24,6-class,6,1.2072843313217163,,0.09513099491596222,5,block_sizes,translated,128,max,adam,0.0001,128,codon_id,legacy,
test25,25_all,25,6-class,6,0.9204427003860474,,0.07627096027135849,5,block_sizes,translated,128,max,adam,0.0001,128,codon_id,legacy,
test26,26_all,26,6-class,6,0.3677099347114563,0.9111817479133606,0.13766354322433472,22,block_sizes,translated,128,max,sgd,0.001,128,codon_id,legacy,
test28,test_28,28,6-class,6,0.3943648636341095,0.8894298672676086,0.25044986605644226,42,block_sizes,nucleotide,192,max,sgd,0.001,128,codon_id,legacy,
test29,test_29,29,6-class,6,1.4855912923812866,0.41972798109054565,,15,block_sizes,translated,64,max,sgd,0.001,128,codon_id,legacy,
test30,test_30,30,6-class,6,0.8301370143890381,0.7426713109016418,,14,block_sizes,translated,64,max,sgd,0.001,128,codon_id,legacy,
test31,test_31,31,6-class,6,0.4881815016269684,0.8594863414764404,,26,block_sizes,translated,64,gatedframe,adam,0.0003,32,codon_id,legacy,
test32,test_32,32,6-class,6,0.4425756335258484,0.8690316081047058,0.1833789050579071,20,block_sizes,translated,64,gatedframe,sgd,0.001,128,codon_id,legacy,
test33,test_33,33,6-class,6,1.5939041376113892,0.5115855932235718,,2,block_sizes,translated,64,gatedframe,sgd,0.01,512,codon_id,legacy,
test34_4,test_34_4,34,6-class,6,0.7440567016601562,0.8617554306983948,0.6931625008583069,53,hidden_layers,translated,64,gatedframe,adam,0.0003,128,codon_id,some,5.0
test34_3,test_34_3,34,6-class,6,0.7612218260765076,0.8534035682678223,0.6931625008583069,35,hidden_layers,translated,64,gatedframe,adam,0.0003,128,codon_id,some,5.0
test34,test_34,34,6-class,6,0.7038947343826294,0.8880049586296082,,53,hidden_layers,translated,64,gatedframe,sgd,0.0003,128,codon_id,some,5.0
test34_1,test_34_1,34,6-class,6,0.7549401521682739,0.8570244312286377,0.6931625008583069,46,hidden_layers,translated,64,gatedframe,adam,0.0003,128,codon_id,some,5.0
test34_2,test_34_2,34,6-class,6,0.7744644284248352,0.8476125001907349,0.6931625008583069,30,hidden_layers,translated,64,gatedframe,adam,0.0003,128,codon_id,some,5.0
test34_5,test_34_5,34,6-class,6,0.7559759020805359,0.8553751111030579,0.6931625008583069,42,hidden_layers,translated,64,gatedframe,adam,0.0003,128,codon_id,some,5.0
test35_5,test_35_5,35,6-class,6,0.7678354382514954,0.8504472970962524,0.3888031244277954,39,hidden_layers,translated,64,gatedframe,adam,0.0003,128,codon_id,last_only,5.0
test35_3,test_35_3,35,6-class,6,0.7523837685585022,0.8564622402191162,0.5551801919937134,62,hidden_layers,translated,64,gatedframe,adam,0.0003,128,codon_id,last_only,5.0
test35_2,test_35_2,35,6-class,6,0.7742405533790588,0.8455415964126587,0.42648646235466003,30,hidden_layers,translated,64,gatedframe,adam,0.0003,128,codon_id,last_only,5.0
test35_1,test_35_1,35,6-class,6,0.7663088440895081,0.8512413501739502,0.45094263553619385,31,hidden_layers,translated,64,gatedframe,adam,0.0003,128,codon_id,last_only,5.0
test35_4,test_35_4,35,6-class,6,0.7632231116294861,0.8516157865524292,0.40915974974632263,31,hidden_layers,translated,64,gatedframe,adam,0.0003,128,codon_id,last_only,5.0
test36,test_36,36,6-class,6,0.38688501715660095,0.9022207856178284,0.504732608795166,17,hidden_layers,translated,192,gatedframe,adam,0.0003,128,codon_id,last_only,5.0
test37,test_37,37,6-class,6,0.3502628207206726,0.9089206457138062,0.6557457447052002,51,hidden_layers,translated,192,gatedframe,adam,0.0003,128,codon_id,last_only,3.0
test38,test_38,38,6-class,6,0.3978848457336426,0.902172863483429,0.3008759319782257,17,hidden_layers,translated,256,gatedframe,adam,0.0003,128,codon_id,last_only,3.0
test39,test_39,39,6-class,6,0.36953216791152954,0.9068478941917419,0.43352025747299194,31,hidden_layers,translated,256,gatedframe,adam,0.0003,128,codon_id,last_only,5.0
test40,test_40,40,6-class,6,0.49435892701148987,0.8673290014266968,0.2863966226577759,29,hidden_layers,translated,192,gatedframe,adam,0.0003,128,codon_id,last_only,3.0
test41_500,test_41_500,41,6-class,6,1.5995056629180908,0.7310442924499512,0.3810019791126251,26,hidden_layers,translated,192,gatedframe,adam,0.0003,128,codon_id,last_only,3.0
test42_1000,test_42_1000,42,6-class,6,1.1746101379394531,0.8054937720298767,0.26314327120780945,68,hidden_layers,translated,192,gatedframe,adam,0.0003,128,codon_id,last_only,3.0
test43_500,test_43_500,43,6-class,6,1.592997670173645,0.7415478229522705,,1,hidden_layers,translated,192,gatedframe,adam,0.0003,128,dicodon_id,last_only,3.0
test44_1000,test_44_1000,44,6-class,6,1.2895293235778809,0.7872257828712463,,1,hidden_layers,translated,192,gatedframe,adam,0.0003,128,dicodon_id,last_only,3.0
test45_500,test_45_500,45,6-class,6,1.354392170906067,0.7850976586341858,0.6932612657546997,66,hidden_layers,translated,192,gatedframe,adam,0.0003,128,dicodon_id,last_only,3.0
test46_1000,test_46_1000,46,6-class,6,1.0682313442230225,0.8402165174484253,0.5376933217048645,40,hidden_layers,translated,192,gatedframe,adam,0.0003,128,dicodon_id,last_only,3.0
test47_500,test_47_500,47,6-class,6,1.2475560903549194,0.7920843958854675,,65,hidden_layers,translated,192,gatedframe,adam,0.0003,128,codon_id,last_only,3.0
test48_1000,test_48_1000,48,6-class,6,0.9619671106338501,0.8457241654396057,0.33022674918174744,56,hidden_layers,translated,192,gatedframe,adam,0.0003,128,codon_id,last_only,3.0
test49_2000,test_49_2000,49,6-class,6,0.9732867479324341,0.8861250281333923,0.3606462776660919,25,hidden_layers,translated,192,gatedframe,adam,0.0003,128,dicodon_id,last_only,3.0
test50_2000,test_50_2000,50,6-class,6,0.5396973490715027,0.8870500922203064,0.6320908665657043,30,hidden_layers,translated,192,gatedframe,adam,0.0003,128,dicodon_id,last_only,3.0
test51,51,51,6-class,6,0.6589527130126953,0.7668219208717346,0.3518690764904022,69,hidden_layers,translated,128,max,sgd,0.0003,128,dicodon_id,last_only,3.0
test52,52,52,6-class,6,0.5626307725906372,0.8136543035507202,0.2649083733558655,43,hidden_layers,translated,192,max,sgd,0.0003,128,dicodon_id,last_only,3.0
test53,53,53,6-class,6,0.9306259751319885,0.6998502612113953,,54,hidden_layers,translated,192,max,sgd,0.0003,128,dicodon_id,last_only,3.0
test54,54,54,6-class,6,0.39406195282936096,0.8828426003456116,0.21016833186149597,36,hidden_layers,translated,192,max,sgd,0.0003,128,dicodon_id,last_only,3.0
test55,55,55,6-class,6,0.4682474136352539,0.8518683314323425,0.27461007237434387,100,hidden_layers,translated,192,max,sgd,0.0003,128,codon_id,last_only,3.0
test56,56,56,6-class,6,0.5827801823616028,0.7996147274971008,,54,hidden_layers,translated,192,max,sgd,0.0003,128,codon_id,last_only,3.0
test57,57,57,6-class,6,0.2535780966281891,0.9330436587333679,0.17764481902122498,100,hidden_layers,translated,192,max,sgd,0.001,512,codon_id,last_only,3.0
test57_binary,57_binary,57,binary,2,0.1405850499868393,0.9662711024284363,0.17764481902122498,12,hidden_layers,translated,192,max,sgd,0.001,512,codon_id,last_only,3.0
test58,58,58,6-class,6,0.6837321519851685,0.7658523321151733,0.38519635796546936,25,hidden_layers,translated,192,max,sgd,0.0003,128,dicodon_id,last_only,3.0
test59,59,59,6-class,6,0.7006615996360779,0.7538747191429138,0.6932483911514282,39,hidden_layers,translated,192,max,sgd,0.0003,128,dicodon_id,last_only,3.0
test60,60,60,6-class,6,0.5436593890190125,0.8439270853996277,0.3204968571662903,24,hidden_layers,translated,192,max,sgd,0.0003,128,dicodon_id,last_only,3.0
test61,61,61,6-class,6,0.5262090563774109,0.824318528175354,0.2651788890361786,47,hidden_layers,translated,192,max,sgd,0.0003,128,codon_id,last_only,3.0
test62,62,62,6-class,6,0.5822128653526306,0.7980962991714478,,94,hidden_layers,translated,192,max,sgd,0.0003,128,codon_id,last_only,3.0
test63,63,63,6-class,6,0.37993985414505005,0.8879214525222778,0.1875225305557251,36,hidden_layers,translated,192,max,sgd,0.0003,128,codon_id,last_only,3.0
test64,64,64,binary,2,0.1974932700395584,0.9421513080596924,0.38594672083854675,23,hidden_layers,translated,192,max,sgd,0.001,512,none,last_only,3.0
test65,65,65,6-class,6,0.4275238811969757,0.8725864291191101,0.24673759937286377,36,hidden_layers,translated,192,max,sgd,0.001,512,none,last_only,3.0
test66,66,66,6-class,6,0.37950432300567627,0.9047999382019043,0.16372635960578918,60,hidden_layers,translated,192,max,sgd,0.0001,64,codon_id,last_only,8.0
test68,68,68,6-class,6,0.39858341217041016,0.906825065612793,0.1498635858297348,44,hidden_layers,translated,192,max,sgd,0.0001,64,none,last_only,8.0
test69,69,69,binary,2,0.27412334084510803,0.9491282105445862,0.17708005011081696,28,hidden_layers,translated,192,max,sgd,0.0001,64,none,last_only,8.0
test70,70,70,6-class,6,0.2574561536312103,0.9194954633712769,0.33139246702194214,96,hidden_layers,translated,192,max,adam,0.0003,64,none,last_only,8.0
test71,71,71,6-class,6,0.23712876439094543,0.9231790900230408,0.634652316570282,82,hidden_layers,translated,192,max,adam,0.0003,64,codon_id,last_only,8.0
test72,72,72,6-class,6,0.5716472864151001,0.8158953189849854,,13,hidden_layers,translated,192,max,adam,0.0003,64,none,last_only,8.0
test73,73,73,6-class,6,0.5933374166488647,0.8039634823799133,,14,hidden_layers,translated,192,max,adam,0.0003,64,codon_id,last_only,8.0
test74,74,74,6-class,6,0.4220404326915741,0.8692682981491089,,31,hidden_layers,translated,192,max,adam,0.0003,64,none,last_only,8.0
test75,75,75,6-class,6,0.4224732518196106,0.8672352433204651,,31,hidden_layers,translated,192,max,adam,0.0003,64,codon_id,last_only,8.0
test76,76,76,6-class,6,0.23704643547534943,0.9330436587333679,0.21317489445209503,103,hidden_layers,translated,192,max,sgd,0.001,512,codon_id,last+some,3.0
test76_with_ood,76,76,6-class,6,0.23704643547534943,0.9330436587333679,0.21317489445209503,103,hidden_layers,translated,192,max,sgd,0.001,512,codon_id,last+some,3.0
test77_with_ood,77,77,6-class,6,0.2574561536312103,0.9194954633712769,0.33139246702194214,100,hidden_layers,translated,192,max,adam,0.0003,64,none,last_only,8.0
test77,77,77,6-class,6,0.2574561536312103,0.9194954633712769,0.33139246702194214,100,hidden_layers,translated,192,max,adam,0.0003,64,none,last_only,8.0
test78_with_ood,78,78,6-class,6,0.23712876439094543,0.9231790900230408,0.6200166940689087,100,hidden_layers,translated,192,max,adam,0.0003,64,codon_id,last_only,8.0
test78,78,78,6-class,6,0.23712876439094543,0.9231790900230408,0.6200166940689087,100,hidden_layers,translated,192,max,adam,0.0003,64,codon_id,last_only,8.0
